workload,variant,threads,n,elapsed_time_s,cpu_time_s,top_hotspot_fn,top_hotspot_pct,second_hotspot_fn,second_hotspot_pct,physical_core_util_pct,filename
fft,openmp,16,1048576,0.248,0.32,func@0x1fe10,68.6,bit_reverse,15.6,3.5,fft_openmp_t16_n1048576_summary.txt
fft,openmp,16,134217728,12.804,28.48,fft_parallel._omp_fn.0,59.2,bit_reverse,36.6,3.9,fft_openmp_t16_n134217728_summary.txt
fft,openmp,16,16777216,1.483,3.12,fft_parallel._omp_fn.0,55.1,bit_reverse,33.6,3.9,fft_openmp_t16_n16777216_summary.txt
fft,openmp,16,2097152,0.301,0.44,func@0x1fe10,43.2,fft_parallel._omp_fn.0,29.5,3.9,fft_openmp_t16_n2097152_summary.txt
fft,openmp,16,268435456,33.392,59.93,fft_parallel._omp_fn.0,47.9,bit_reverse,46.7,3.0,fft_openmp_t16_n268435456_summary.txt
fft,openmp,16,33554432,3.114,6.64,fft_parallel._omp_fn.0,55.3,bit_reverse,36.6,3.8,fft_openmp_t16_n33554432_summary.txt
fft,openmp,16,4194304,0.46,0.75,func@0x1fe10,33.3,fft_parallel._omp_fn.0,30.7,3.7,fft_openmp_t16_n4194304_summary.txt
fft,openmp,16,536870912,88.397,174.51,fft_parallel._omp_fn.0,54.0,bit_reverse,41.8,3.2,fft_openmp_t16_n536870912_summary.txt
fft,openmp,16,67108864,6.145,13.48,fft_parallel._omp_fn.0,57.8,bit_reverse,36.5,3.9,fft_openmp_t16_n67108864_summary.txt
fft,openmp,16,8388608,0.794,1.55,fft_parallel._omp_fn.0,50.3,bit_reverse,31.6,3.9,fft_openmp_t16_n8388608_summary.txt
fft,openmp,1,1048576,0.252,0.08,bit_reverse,62.5,fft_parallel._omp_fn.0,37.5,1.1,fft_openmp_t1_n1048576_summary.txt
fft,openmp,1,134217728,18.245,17.83,bit_reverse,58.1,fft_parallel._omp_fn.0,39.0,1.7,fft_openmp_t1_n134217728_summary.txt
fft,openmp,1,16777216,2.088,1.91,bit_reverse,55.5,fft_parallel._omp_fn.0,40.8,1.7,fft_openmp_t1_n16777216_summary.txt
fft,openmp,1,2097152,0.351,0.19,bit_reverse,52.6,fft_parallel._omp_fn.0,42.1,1.3,fft_openmp_t1_n2097152_summary.txt
fft,openmp,1,268435456,45.933,45.09,bit_reverse,61.9,fft_parallel._omp_fn.0,34.0,1.6,fft_openmp_t1_n268435456_summary.txt
fft,openmp,1,33554432,4.26,4.05,bit_reverse,56.5,fft_parallel._omp_fn.0,40.2,1.7,fft_openmp_t1_n33554432_summary.txt
fft,openmp,1,4194304,0.595,0.41,bit_reverse,56.0,fft_parallel._omp_fn.0,39.0,1.4,fft_openmp_t1_n4194304_summary.txt
fft,openmp,1,536870912,117.111,115.09,bit_reverse,62.4,fft_parallel._omp_fn.0,32.9,1.6,fft_openmp_t1_n536870912_summary.txt
fft,openmp,1,67108864,8.767,8.49,bit_reverse,57.6,fft_parallel._omp_fn.0,39.3,1.7,fft_openmp_t1_n67108864_summary.txt
fft,openmp,1,8388608,1.092,0.92,bit_reverse,56.5,fft_parallel._omp_fn.0,39.1,1.6,fft_openmp_t1_n8388608_summary.txt
fft,openmp,2,1048576,0.239,0.1,bit_reverse,50.1,fft_parallel._omp_fn.0,29.9,1.4,fft_openmp_t2_n1048576_summary.txt
fft,openmp,2,134217728,15.087,18.27,bit_reverse,56.8,fft_parallel._omp_fn.0,40.3,2.1,fft_openmp_t2_n134217728_summary.txt
fft,openmp,2,16777216,1.806,2.02,bit_reverse,55.4,fft_parallel._omp_fn.0,41.1,2.0,fft_openmp_t2_n16777216_summary.txt
fft,openmp,2,2097152,0.328,0.19,bit_reverse,52.7,fft_parallel._omp_fn.0,36.8,1.5,fft_openmp_t2_n2097152_summary.txt
fft,openmp,2,268435456,39.275,45.99,bit_reverse,61.6,fft_parallel._omp_fn.0,34.2,1.9,fft_openmp_t2_n268435456_summary.txt
fft,openmp,2,33554432,3.55,4.17,bit_reverse,55.6,fft_parallel._omp_fn.0,40.8,2.1,fft_openmp_t2_n33554432_summary.txt
fft,openmp,2,4194304,0.514,0.45,bit_reverse,48.8,fft_parallel._omp_fn.0,35.6,1.8,fft_openmp_t2_n4194304_summary.txt
fft,openmp,2,536870912,100.713,117.12,bit_reverse,62.4,fft_parallel._omp_fn.0,33.0,1.8,fft_openmp_t2_n536870912_summary.txt
fft,openmp,2,67108864,7.183,8.59,bit_reverse,56.2,fft_parallel._omp_fn.0,40.5,2.1,fft_openmp_t2_n67108864_summary.txt
fft,openmp,2,8388608,0.918,0.93,bit_reverse,52.7,fft_parallel._omp_fn.0,40.9,1.9,fft_openmp_t2_n8388608_summary.txt
fft,openmp,32,1048576,0.247,0.5,func@0x1fc70,54.0,func@0x1fe10,32.0,4.0,fft_openmp_t32_n1048576_summary.txt
fft,openmp,32,134217728,12.584,44.3,fft_parallel._omp_fn.0,71.1,bit_reverse,23.0,4.0,fft_openmp_t32_n134217728_summary.txt
fft,openmp,32,16777216,1.557,5.25,fft_parallel._omp_fn.0,54.9,bit_reverse,21.5,4.0,fft_openmp_t32_n16777216_summary.txt
fft,openmp,32,2097152,0.322,0.76,func@0x1fe10,35.5,func@0x1fc70,30.3,3.7,fft_openmp_t32_n2097152_summary.txt
fft,openmp,32,268435456,33.354,85.21,fft_parallel._omp_fn.0,61.7,bit_reverse,32.9,3.0,fft_openmp_t32_n268435456_summary.txt
fft,openmp,32,33554432,3.116,10.32,fft_parallel._omp_fn.0,64.9,bit_reverse,23.4,3.9,fft_openmp_t32_n33554432_summary.txt
fft,openmp,32,4194304,0.472,1.45,func@0x1fe10,37.8,fft_parallel._omp_fn.0,35.2,4.1,fft_openmp_t32_n4194304_summary.txt
fft,openmp,32,536870912,88.666,266.95,fft_parallel._omp_fn.0,68.9,bit_reverse,27.3,3.2,fft_openmp_t32_n536870912_summary.txt
fft,openmp,32,67108864,6.127,21.58,fft_parallel._omp_fn.0,68.7,bit_reverse,22.2,4.0,fft_openmp_t32_n67108864_summary.txt
fft,openmp,32,8388608,0.821,2.68,fft_parallel._omp_fn.0,47.0,func@0x1fe10,27.6,4.0,fft_openmp_t32_n8388608_summary.txt
fft,openmp,4,1048576,0.239,0.13,fft_parallel._omp_fn.0,53.8,bit_reverse,38.5,1.8,fft_openmp_t4_n1048576_summary.txt
fft,openmp,4,134217728,13.35,18.38,bit_reverse,56.3,fft_parallel._omp_fn.0,40.5,2.4,fft_openmp_t4_n134217728_summary.txt
fft,openmp,4,16777216,1.557,2.02,bit_reverse,52.5,fft_parallel._omp_fn.0,42.0,2.4,fft_openmp_t4_n16777216_summary.txt
fft,openmp,4,2097152,0.31,0.23,bit_reverse,43.5,fft_parallel._omp_fn.0,43.5,1.9,fft_openmp_t4_n2097152_summary.txt
fft,openmp,4,268435456,35.879,46.57,bit_reverse,61.0,fft_parallel._omp_fn.0,34.3,2.2,fft_openmp_t4_n268435456_summary.txt
fft,openmp,4,33554432,3.086,4.17,bit_reverse,53.7,fft_parallel._omp_fn.0,41.7,2.4,fft_openmp_t4_n33554432_summary.txt
fft,openmp,4,4194304,0.48,0.48,bit_reverse,45.8,fft_parallel._omp_fn.0,41.7,2.1,fft_openmp_t4_n4194304_summary.txt
fft,openmp,4,536870912,91.835,119.36,bit_reverse,61.1,fft_parallel._omp_fn.0,34.2,2.1,fft_openmp_t4_n536870912_summary.txt
fft,openmp,4,67108864,6.478,8.81,bit_reverse,55.7,fft_parallel._omp_fn.0,40.6,2.4,fft_openmp_t4_n67108864_summary.txt
fft,openmp,4,8388608,0.827,0.97,bit_reverse,50.5,fft_parallel._omp_fn.0,42.3,2.2,fft_openmp_t4_n8388608_summary.txt
fft,openmp,8,1048576,0.235,0.21,func@0x1fe10,61.9,bit_reverse,23.8,2.4,fft_openmp_t8_n1048576_summary.txt
fft,openmp,8,134217728,12.912,21.11,bit_reverse,49.5,fft_parallel._omp_fn.0,46.8,2.9,fft_openmp_t8_n134217728_summary.txt
fft,openmp,8,16777216,1.534,2.27,bit_reverse,47.1,fft_parallel._omp_fn.0,46.3,2.8,fft_openmp_t8_n16777216_summary.txt
fft,openmp,8,2097152,0.33,0.34,fft_parallel._omp_fn.0,41.2,bit_reverse,29.4,2.4,fft_openmp_t8_n2097152_summary.txt
fft,openmp,8,268435456,34.264,49.71,bit_reverse,57.1,fft_parallel._omp_fn.0,38.1,2.4,fft_openmp_t8_n268435456_summary.txt
fft,openmp,8,33554432,3.12,4.93,bit_reverse,48.7,fft_parallel._omp_fn.0,45.2,2.8,fft_openmp_t8_n33554432_summary.txt
fft,openmp,8,4194304,0.46,0.56,bit_reverse,39.2,fft_parallel._omp_fn.0,35.7,2.5,fft_openmp_t8_n4194304_summary.txt
fft,openmp,8,536870912,89.046,132.57,bit_reverse,55.2,fft_parallel._omp_fn.0,40.2,2.4,fft_openmp_t8_n536870912_summary.txt
fft,openmp,8,67108864,6.134,9.96,bit_reverse,48.4,fft_parallel._omp_fn.0,46.6,2.9,fft_openmp_t8_n67108864_summary.txt
fft,openmp,8,8388608,0.819,1.14,bit_reverse,45.6,fft_parallel._omp_fn.0,43.0,2.7,fft_openmp_t8_n8388608_summary.txt
fft,pthreads,16,1048576,0.242,0.11,fft_thread,54.5,bit_reverse,45.5,2.2,fft_pthreads_t16_n1048576_summary.txt
fft,pthreads,16,134217728,12.935,31.94,fft_thread,66.2,bit_reverse,32.2,4.4,fft_pthreads_t16_n134217728_summary.txt
fft,pthreads,16,16777216,1.599,3.45,fft_thread,64.9,bit_reverse,32.8,3.8,fft_pthreads_t16_n16777216_summary.txt
fft,pthreads,16,2097152,0.32,0.28,fft_thread,60.7,bit_reverse,35.7,2.5,fft_pthreads_t16_n2097152_summary.txt
fft,pthreads,16,268435456,35.224,94.68,fft_thread,68.9,bit_reverse,29.1,3.7,fft_pthreads_t16_n268435456_summary.txt
fft,pthreads,16,33554432,3.169,7.37,fft_thread,65.5,bit_reverse,32.6,4.2,fft_pthreads_t16_n33554432_summary.txt
fft,pthreads,16,4194304,0.469,0.62,fft_thread,61.3,bit_reverse,35.5,3.0,fft_pthreads_t16_n4194304_summary.txt
fft,pthreads,16,536870912,105.801,466.53,fft_thread,83.4,bit_reverse,15.4,3.2,fft_pthreads_t16_n536870912_summary.txt
fft,pthreads,16,67108864,6.411,15.59,fft_thread,66.2,bit_reverse,32.1,4.3,fft_pthreads_t16_n67108864_summary.txt
fft,pthreads,16,8388608,0.786,1.53,fft_thread,66.0,bit_reverse,31.4,3.8,fft_pthreads_t16_n8388608_summary.txt
fft,pthreads,1,1048576,0.277,0.09,bit_reverse,55.6,fft_thread,44.4,1.1,fft_pthreads_t1_n1048576_summary.txt
fft,pthreads,1,134217728,20.37,19.46,bit_reverse,59.2,fft_thread,37.2,1.6,fft_pthreads_t1_n134217728_summary.txt
fft,pthreads,1,16777216,2.232,1.98,bit_reverse,55.5,fft_thread,40.4,1.6,fft_pthreads_t1_n16777216_summary.txt
fft,pthreads,1,2097152,0.364,0.19,bit_reverse,52.5,fft_thread,42.1,1.3,fft_pthreads_t1_n2097152_summary.txt
fft,pthreads,1,268435456,46.648,44.85,bit_reverse,60.4,fft_thread,35.5,1.6,fft_pthreads_t1_n268435456_summary.txt
fft,pthreads,1,33554432,4.345,4.01,bit_reverse,56.4,fft_thread,40.1,1.6,fft_pthreads_t1_n33554432_summary.txt
fft,pthreads,1,4194304,0.599,0.41,bit_reverse,53.6,fft_thread,41.5,1.4,fft_pthreads_t1_n4194304_summary.txt
fft,pthreads,1,536870912,119.046,115.43,bit_reverse,61.5,fft_thread,33.9,1.6,fft_pthreads_t1_n536870912_summary.txt
fft,pthreads,1,67108864,8.99,8.47,bit_reverse,56.7,fft_thread,40.1,1.7,fft_pthreads_t1_n67108864_summary.txt
fft,pthreads,1,8388608,1.119,0.91,bit_reverse,54.9,fft_thread,40.7,1.5,fft_pthreads_t1_n8388608_summary.txt
fft,pthreads,2,1048576,0.251,0.1,fft_thread,50.0,bit_reverse,50.0,1.3,fft_pthreads_t2_n1048576_summary.txt
fft,pthreads,2,134217728,16.848,20.68,bit_reverse,53.3,fft_thread,43.5,2.1,fft_pthreads_t2_n134217728_summary.txt
fft,pthreads,2,16777216,1.866,2.14,bit_reverse,51.4,fft_thread,45.3,2.1,fft_pthreads_t2_n16777216_summary.txt
fft,pthreads,2,2097152,0.323,0.19,fft_thread,47.4,bit_reverse,47.3,1.5,fft_pthreads_t2_n2097152_summary.txt
fft,pthreads,2,268435456,40.608,49.28,bit_reverse,55.7,fft_thread,40.5,2.0,fft_pthreads_t2_n268435456_summary.txt
fft,pthreads,2,33554432,3.643,4.36,bit_reverse,51.6,fft_thread,45.2,2.1,fft_pthreads_t2_n33554432_summary.txt
fft,pthreads,2,4194304,0.523,0.45,bit_reverse,48.8,fft_thread,46.6,1.8,fft_pthreads_t2_n4194304_summary.txt
fft,pthreads,2,536870912,106.284,130.56,bit_reverse,54.1,fft_thread,41.8,1.9,fft_pthreads_t2_n536870912_summary.txt
fft,pthreads,2,67108864,7.708,9.36,bit_reverse,53.4,fft_thread,43.8,2.1,fft_pthreads_t2_n67108864_summary.txt
fft,pthreads,2,8388608,0.981,1.0,bit_reverse,50.0,fft_thread,46.0,1.9,fft_pthreads_t2_n8388608_summary.txt
fft,pthreads,32,1048576,0.257,0.08,bit_reverse,62.5,fft_thread,25.0,2.2,fft_pthreads_t32_n1048576_summary.txt
fft,pthreads,32,134217728,12.949,48.41,fft_thread,77.6,bit_reverse,21.3,4.2,fft_pthreads_t32_n134217728_summary.txt
fft,pthreads,32,16777216,1.609,4.95,fft_thread,75.6,bit_reverse,22.6,3.7,fft_pthreads_t32_n16777216_summary.txt
fft,pthreads,32,2097152,0.334,0.31,fft_thread,61.3,bit_reverse,28.9,2.4,fft_pthreads_t32_n2097152_summary.txt
fft,pthreads,32,268435456,36.605,187.6,fft_thread,84.1,bit_reverse,14.9,3.3,fft_pthreads_t32_n268435456_summary.txt
fft,pthreads,32,33554432,3.161,10.89,fft_thread,76.7,bit_reverse,21.9,4.0,fft_pthreads_t32_n33554432_summary.txt
fft,pthreads,32,4194304,0.472,0.72,fft_thread,63.9,bit_reverse,30.6,2.8,fft_pthreads_t32_n4194304_summary.txt
fft,pthreads,32,536870912,153.377,2396.63,fft_thread,96.8,bit_reverse,2.9,2.2,fft_pthreads_t32_n536870912_summary.txt
fft,pthreads,32,67108864,6.363,23.19,fft_thread,77.4,bit_reverse,21.5,4.1,fft_pthreads_t32_n67108864_summary.txt
fft,pthreads,32,8388608,0.807,2.16,fft_thread,70.8,bit_reverse,22.7,3.6,fft_pthreads_t32_n8388608_summary.txt
fft,pthreads,4,1048576,0.255,0.13,fft_thread,61.5,bit_reverse,38.5,1.6,fft_pthreads_t4_n1048576_summary.txt
fft,pthreads,4,134217728,14.741,22.28,fft_thread,49.4,bit_reverse,47.9,2.6,fft_pthreads_t4_n134217728_summary.txt
fft,pthreads,4,16777216,1.739,2.47,fft_thread,51.4,bit_reverse,45.7,2.6,fft_pthreads_t4_n16777216_summary.txt
fft,pthreads,4,2097152,0.322,0.23,fft_thread,56.5,bit_reverse,39.0,1.8,fft_pthreads_t4_n2097152_summary.txt
fft,pthreads,4,268435456,37.649,55.19,bit_reverse,50.5,fft_thread,46.2,2.5,fft_pthreads_t4_n268435456_summary.txt
fft,pthreads,4,33554432,3.46,5.09,fft_thread,50.5,bit_reverse,47.0,2.6,fft_pthreads_t4_n33554432_summary.txt
fft,pthreads,4,4194304,0.494,0.51,fft_thread,52.9,bit_reverse,43.1,2.2,fft_pthreads_t4_n4194304_summary.txt
fft,pthreads,4,536870912,98.489,153.29,fft_thread,50.8,bit_reverse,45.7,2.5,fft_pthreads_t4_n536870912_summary.txt
fft,pthreads,4,67108864,6.825,10.32,fft_thread,51.0,bit_reverse,46.4,2.7,fft_pthreads_t4_n67108864_summary.txt
fft,pthreads,4,8388608,0.89,1.15,fft_thread,53.0,bit_reverse,43.5,2.5,fft_pthreads_t4_n8388608_summary.txt
fft,pthreads,8,1048576,0.258,0.14,fft_thread,64.3,bit_reverse,35.7,1.8,fft_pthreads_t8_n1048576_summary.txt
fft,pthreads,8,134217728,13.829,26.03,fft_thread,57.0,bit_reverse,40.8,3.3,fft_pthreads_t8_n134217728_summary.txt
fft,pthreads,8,16777216,1.59,2.78,fft_thread,58.6,bit_reverse,38.8,3.2,fft_pthreads_t8_n16777216_summary.txt
fft,pthreads,8,2097152,0.309,0.25,fft_thread,56.0,bit_reverse,35.9,2.1,fft_pthreads_t8_n2097152_summary.txt
fft,pthreads,8,268435456,35.75,65.29,fft_thread,54.4,bit_reverse,42.7,3.1,fft_pthreads_t8_n268435456_summary.txt
fft,pthreads,8,33554432,3.254,5.87,fft_thread,56.9,bit_reverse,40.9,3.2,fft_pthreads_t8_n33554432_summary.txt
fft,pthreads,8,4194304,0.468,0.58,fft_thread,58.6,bit_reverse,37.9,2.6,fft_pthreads_t8_n4194304_summary.txt
fft,pthreads,8,536870912,94.307,190.52,fft_thread,60.0,bit_reverse,37.2,3.1,fft_pthreads_t8_n536870912_summary.txt
fft,pthreads,8,67108864,6.447,12.06,fft_thread,57.5,bit_reverse,40.2,3.3,fft_pthreads_t8_n67108864_summary.txt
fft,pthreads,8,8388608,0.86,1.33,fft_thread,57.9,bit_reverse,38.3,2.9,fft_pthreads_t8_n8388608_summary.txt
fir,openmp,16,1048576,0.183,0.32,fir_parallel._omp_fn.0,50.0,func@0x1fe10,31.2,4.4,fir_openmp_t16_n1048576_summary.txt
fir,openmp,16,134217728,1.288,15.21,fir_parallel._omp_fn.0,98.9,func@0x1fc70,0.6,20.9,fir_openmp_t16_n134217728_summary.txt
fir,openmp,16,16777216,0.324,2.09,fir_parallel._omp_fn.0,94.2,func@0x1fe10,3.3,12.2,fir_openmp_t16_n16777216_summary.txt
fir,openmp,16,2097152,0.196,0.38,fir_parallel._omp_fn.0,84.2,func@0x1fe10,7.9,5.3,fir_openmp_t16_n2097152_summary.txt
fir,openmp,16,268435456,2.416,30.57,fir_parallel._omp_fn.0,99.8,func@0x1fe10,0.2,22.5,fir_openmp_t16_n268435456_summary.txt
fir,openmp,16,33554432,0.472,4.01,fir_parallel._omp_fn.0,96.0,func@0x1fc70,2.2,15.4,fir_openmp_t16_n33554432_summary.txt
fir,openmp,16,4194304,0.212,0.63,fir_parallel._omp_fn.0,93.6,func@0x1fe10,4.8,6.8,fir_openmp_t16_n4194304_summary.txt
fir,openmp,16,536870912,5.038,62.81,fir_parallel._omp_fn.0,99.7,func@0x1fe10,0.1,21.7,fir_openmp_t16_n536870912_summary.txt
fir,openmp,16,67108864,0.741,7.68,fir_parallel._omp_fn.0,98.2,func@0x1fe10,1.3,18.7,fir_openmp_t16_n67108864_summary.txt
fir,openmp,16,8388608,0.249,1.13,fir_parallel._omp_fn.0,92.0,func@0x1fe10,4.4,9.0,fir_openmp_t16_n8388608_summary.txt
fir,openmp,1,1048576,0.264,0.1,fir_parallel._omp_fn.0,100.0,,,1.3,fir_openmp_t1_n1048576_summary.txt
fir,openmp,1,134217728,13.655,13.28,fir_parallel._omp_fn.0,99.9,_IO_fread,0.1,1.7,fir_openmp_t1_n134217728_summary.txt
fir,openmp,1,16777216,1.857,1.67,fir_parallel._omp_fn.0,99.3,_IO_fread,0.7,1.7,fir_openmp_t1_n16777216_summary.txt
fir,openmp,1,2097152,0.369,0.2,fir_parallel._omp_fn.0,100.0,,,1.4,fir_openmp_t1_n2097152_summary.txt
fir,openmp,1,268435456,27.134,26.55,fir_parallel._omp_fn.0,100.0,_IO_fread,0.0,1.7,fir_openmp_t1_n268435456_summary.txt
fir,openmp,1,33554432,3.52,3.32,fir_parallel._omp_fn.0,99.6,_IO_fread,0.4,1.7,fir_openmp_t1_n33554432_summary.txt
fir,openmp,1,4194304,0.583,0.42,fir_parallel._omp_fn.0,100.0,,,1.5,fir_openmp_t1_n4194304_summary.txt
fir,openmp,1,536870912,54.899,53.66,fir_parallel._omp_fn.0,99.9,cfree,0.0,1.7,fir_openmp_t1_n536870912_summary.txt
fir,openmp,1,67108864,6.909,6.65,fir_parallel._omp_fn.0,99.8,_IO_fread,0.2,1.7,fir_openmp_t1_n67108864_summary.txt
fir,openmp,1,8388608,0.998,0.84,fir_parallel._omp_fn.0,98.6,_IO_fread,1.4,1.6,fir_openmp_t1_n8388608_summary.txt
fir,openmp,2,1048576,0.243,0.11,fir_parallel._omp_fn.0,100.0,,,1.6,fir_openmp_t2_n1048576_summary.txt
fir,openmp,2,134217728,7.339,13.96,fir_parallel._omp_fn.0,99.8,_IO_fread,0.1,3.4,fir_openmp_t2_n134217728_summary.txt
fir,openmp,2,16777216,1.074,1.76,fir_parallel._omp_fn.0,98.8,_IO_fread,0.7,3.0,fir_openmp_t2_n16777216_summary.txt
fir,openmp,2,2097152,0.289,0.22,fir_parallel._omp_fn.0,100.0,,,1.9,fir_openmp_t2_n2097152_summary.txt
fir,openmp,2,268435456,14.47,27.86,fir_parallel._omp_fn.0,99.9,_IO_fread,0.1,3.4,fir_openmp_t2_n268435456_summary.txt
fir,openmp,2,33554432,1.965,3.5,fir_parallel._omp_fn.0,99.3,_IO_fread,0.4,3.2,fir_openmp_t2_n33554432_summary.txt
fir,openmp,2,4194304,0.408,0.45,fir_parallel._omp_fn.0,100.0,,,2.3,fir_openmp_t2_n4194304_summary.txt
fir,openmp,2,536870912,29.334,56.34,fir_parallel._omp_fn.0,99.9,cfree,0.0,3.4,fir_openmp_t2_n536870912_summary.txt
fir,openmp,2,67108864,3.742,6.97,fir_parallel._omp_fn.0,99.7,_IO_fread,0.2,3.3,fir_openmp_t2_n67108864_summary.txt
fir,openmp,2,8388608,0.617,0.9,fir_parallel._omp_fn.0,96.5,_IO_fread,1.2,2.8,fir_openmp_t2_n8388608_summary.txt
fir,openmp,32,1048576,0.194,0.51,func@0x1fc70,49.0,func@0x1fe10,31.4,4.6,fir_openmp_t32_n1048576_summary.txt
fir,openmp,32,134217728,1.071,23.23,fir_parallel._omp_fn.0,97.9,func@0x1fc70,1.7,19.4,fir_openmp_t32_n134217728_summary.txt
fir,openmp,32,16777216,0.323,3.33,fir_parallel._omp_fn.0,88.3,func@0x1fc70,9.0,10.5,fir_openmp_t32_n16777216_summary.txt
fir,openmp,32,2097152,0.223,0.76,func@0x1fc70,50.0,fir_parallel._omp_fn.0,46.1,4.7,fir_openmp_t32_n2097152_summary.txt
fir,openmp,32,268435456,1.951,45.7,fir_parallel._omp_fn.0,98.9,func@0x1fc70,0.8,20.9,fir_openmp_t32_n268435456_summary.txt
fir,openmp,32,33554432,0.417,6.29,fir_parallel._omp_fn.0,92.2,func@0x1fc70,6.7,14.3,fir_openmp_t32_n33554432_summary.txt
fir,openmp,32,4194304,0.216,1.1,fir_parallel._omp_fn.0,69.1,func@0x1fc70,18.2,6.2,fir_openmp_t32_n4194304_summary.txt
fir,openmp,32,536870912,4.083,94.41,fir_parallel._omp_fn.0,99.5,func@0x1fc70,0.4,20.3,fir_openmp_t32_n536870912_summary.txt
fir,openmp,32,67108864,0.647,12.01,fir_parallel._omp_fn.0,96.8,func@0x1fe10,1.8,17.0,fir_openmp_t32_n67108864_summary.txt
fir,openmp,32,8388608,0.239,1.82,fir_parallel._omp_fn.0,86.8,func@0x1fc70,8.3,8.5,fir_openmp_t32_n8388608_summary.txt
fir,openmp,4,1048576,0.205,0.15,fir_parallel._omp_fn.0,100.0,,,2.1,fir_openmp_t4_n1048576_summary.txt
fir,openmp,4,134217728,3.921,14.31,fir_parallel._omp_fn.0,99.7,_IO_fread,0.1,6.5,fir_openmp_t4_n134217728_summary.txt
fir,openmp,4,16777216,0.647,1.83,fir_parallel._omp_fn.0,98.3,func@0x1fc70,1.1,5.3,fir_openmp_t4_n16777216_summary.txt
fir,openmp,4,2097152,0.233,0.24,fir_parallel._omp_fn.0,100.0,,,2.7,fir_openmp_t4_n2097152_summary.txt
fir,openmp,4,268435456,7.666,28.6,fir_parallel._omp_fn.0,99.8,func@0x1fc70,0.1,6.6,fir_openmp_t4_n268435456_summary.txt
fir,openmp,4,33554432,1.093,3.55,fir_parallel._omp_fn.0,99.1,func@0x1fc70,0.6,5.9,fir_openmp_t4_n33554432_summary.txt
fir,openmp,4,4194304,0.288,0.48,fir_parallel._omp_fn.0,97.9,func@0x1e860,2.1,3.5,fir_openmp_t4_n4194304_summary.txt
fir,openmp,4,536870912,15.568,57.75,fir_parallel._omp_fn.0,99.9,func@0x1fe10,0.0,6.5,fir_openmp_t4_n536870912_summary.txt
fir,openmp,4,67108864,2.038,7.16,fir_parallel._omp_fn.0,99.4,func@0x1fc70,0.4,6.3,fir_openmp_t4_n67108864_summary.txt
fir,openmp,4,8388608,0.414,0.92,fir_parallel._omp_fn.0,97.7,_IO_fread,1.2,4.3,fir_openmp_t4_n8388608_summary.txt
fir,openmp,8,1048576,0.199,0.16,fir_parallel._omp_fn.0,100.0,,,2.7,fir_openmp_t8_n1048576_summary.txt
fir,openmp,8,134217728,2.15,14.35,fir_parallel._omp_fn.0,99.5,func@0x1fe10,0.3,11.9,fir_openmp_t8_n134217728_summary.txt
fir,openmp,8,16777216,0.423,1.85,fir_parallel._omp_fn.0,99.4,_IO_fread,0.6,8.3,fir_openmp_t8_n16777216_summary.txt
fir,openmp,8,2097152,0.209,0.27,fir_parallel._omp_fn.0,92.6,func@0x1fc70,7.4,3.4,fir_openmp_t8_n2097152_summary.txt
fir,openmp,8,268435456,4.088,28.65,fir_parallel._omp_fn.0,99.7,func@0x1fe10,0.1,12.5,fir_openmp_t8_n268435456_summary.txt
fir,openmp,8,33554432,0.672,3.65,fir_parallel._omp_fn.0,98.6,func@0x1fc70,1.1,10.0,fir_openmp_t8_n33554432_summary.txt
fir,openmp,8,4194304,0.247,0.48,fir_parallel._omp_fn.0,100.0,,,4.4,fir_openmp_t8_n4194304_summary.txt
fir,openmp,8,536870912,8.347,57.82,fir_parallel._omp_fn.0,99.8,func@0x1fc70,0.1,12.1,fir_openmp_t8_n536870912_summary.txt
fir,openmp,8,67108864,1.152,7.21,fir_parallel._omp_fn.0,99.2,func@0x1fe10,0.4,11.2,fir_openmp_t8_n67108864_summary.txt
fir,openmp,8,8388608,0.295,0.97,fir_parallel._omp_fn.0,97.8,_IO_fread,1.2,6.5,fir_openmp_t8_n8388608_summary.txt
fir,pthreads,16,1048576,0.185,0.15,fir_thread,100.0,,,3.4,fir_pthreads_t16_n1048576_summary.txt
fir,pthreads,16,134217728,1.392,16.81,fir_thread,99.9,_IO_fread,0.1,21.5,fir_pthreads_t16_n134217728_summary.txt
fir,pthreads,16,16777216,0.331,2.17,fir_thread,99.5,_IO_fread,0.5,12.4,fir_pthreads_t16_n16777216_summary.txt
fir,pthreads,16,2097152,0.193,0.3,fir_thread,100.0,,,4.5,fir_pthreads_t16_n2097152_summary.txt
fir,pthreads,16,268435456,2.567,33.0,fir_thread,99.9,_IO_fread,0.0,22.8,fir_pthreads_t16_n268435456_summary.txt
fir,pthreads,16,33554432,0.482,4.31,fir_thread,99.8,_IO_fread,0.2,16.2,fir_pthreads_t16_n33554432_summary.txt
fir,pthreads,16,4194304,0.214,0.61,fir_thread,100.0,,,6.2,fir_pthreads_t16_n4194304_summary.txt
fir,pthreads,16,536870912,5.361,68.37,fir_thread,100.0,cfree,0.0,22.3,fir_pthreads_t16_n536870912_summary.txt
fir,pthreads,16,67108864,0.805,8.48,fir_thread,99.9,_IO_fread,0.1,18.9,fir_pthreads_t16_n67108864_summary.txt
fir,pthreads,16,8388608,0.301,1.21,fir_thread,99.2,_IO_fread,0.8,7.2,fir_pthreads_t16_n8388608_summary.txt
fir,pthreads,1,1048576,0.291,0.11,fir_thread,100.0,,,1.2,fir_pthreads_t1_n1048576_summary.txt
fir,pthreads,1,134217728,13.979,13.61,fir_thread,99.9,_IO_fread,0.1,1.7,fir_pthreads_t1_n134217728_summary.txt
fir,pthreads,1,16777216,1.896,1.71,fir_thread,99.4,_IO_fread,0.6,1.7,fir_pthreads_t1_n16777216_summary.txt
fir,pthreads,1,2097152,0.393,0.22,fir_thread,100.0,,,1.4,fir_pthreads_t1_n2097152_summary.txt
fir,pthreads,1,268435456,27.741,27.17,fir_thread,99.9,_IO_fread,0.0,1.7,fir_pthreads_t1_n268435456_summary.txt
fir,pthreads,1,33554432,3.625,3.41,fir_thread,99.7,_IO_fread,0.3,1.7,fir_pthreads_t1_n33554432_summary.txt
fir,pthreads,1,4194304,0.618,0.44,fir_thread,100.0,,,1.5,fir_pthreads_t1_n4194304_summary.txt
fir,pthreads,1,536870912,56.488,55.28,fir_thread,99.9,cfree,0.0,1.7,fir_pthreads_t1_n536870912_summary.txt
fir,pthreads,1,67108864,7.071,6.81,fir_thread,99.9,_IO_fread,0.1,1.7,fir_pthreads_t1_n67108864_summary.txt
fir,pthreads,1,8388608,1.029,0.87,fir_thread,98.9,_IO_fread,1.1,1.6,fir_pthreads_t1_n8388608_summary.txt
fir,pthreads,2,1048576,0.23,0.12,fir_thread,100.0,,,1.7,fir_pthreads_t2_n1048576_summary.txt
fir,pthreads,2,134217728,7.49,14.27,fir_thread,99.9,_IO_fread,0.1,3.4,fir_pthreads_t2_n134217728_summary.txt
fir,pthreads,2,16777216,1.092,1.81,fir_thread,99.4,_IO_fread,0.6,3.1,fir_pthreads_t2_n16777216_summary.txt
fir,pthreads,2,2097152,0.301,0.24,fir_thread,100.0,,,1.9,fir_pthreads_t2_n2097152_summary.txt
fir,pthreads,2,268435456,14.813,28.53,fir_thread,99.9,_IO_fread,0.0,3.4,fir_pthreads_t2_n268435456_summary.txt
fir,pthreads,2,33554432,2.005,3.59,fir_thread,99.7,_IO_fread,0.3,3.2,fir_pthreads_t2_n33554432_summary.txt
fir,pthreads,2,4194304,0.405,0.46,fir_thread,100.0,,,2.4,fir_pthreads_t2_n4194304_summary.txt
fir,pthreads,2,536870912,30.24,58.01,fir_thread,99.9,cfree,0.0,3.4,fir_pthreads_t2_n536870912_summary.txt
fir,pthreads,2,67108864,3.834,7.15,fir_thread,99.9,_IO_fread,0.1,3.3,fir_pthreads_t2_n67108864_summary.txt
fir,pthreads,2,8388608,0.623,0.89,fir_thread,98.9,_IO_fread,1.1,2.7,fir_pthreads_t2_n8388608_summary.txt
fir,pthreads,32,1048576,0.192,0.21,fir_thread,100.0,,,3.8,fir_pthreads_t32_n1048576_summary.txt
fir,pthreads,32,134217728,1.345,29.26,fir_thread,99.9,_IO_fread,0.0,19.8,fir_pthreads_t32_n134217728_summary.txt
fir,pthreads,32,16777216,0.33,3.57,fir_thread,99.7,_IO_fread,0.3,11.2,fir_pthreads_t32_n16777216_summary.txt
fir,pthreads,32,2097152,0.216,0.31,fir_thread,100.0,,,4.5,fir_pthreads_t32_n2097152_summary.txt
fir,pthreads,32,268435456,2.41,59.33,fir_thread,100.0,_IO_fread,0.0,22.0,fir_pthreads_t32_n268435456_summary.txt
fir,pthreads,32,33554432,0.475,7.3,fir_thread,99.9,_IO_fread,0.1,14.6,fir_pthreads_t32_n33554432_summary.txt
fir,pthreads,32,4194304,0.216,0.78,fir_thread,100.0,,,5.9,fir_pthreads_t32_n4194304_summary.txt
fir,pthreads,32,536870912,4.907,120.88,fir_thread,100.0,cfree,0.0,21.7,fir_pthreads_t32_n536870912_summary.txt
fir,pthreads,32,67108864,0.744,14.65,fir_thread,99.9,_IO_fread,0.1,18.2,fir_pthreads_t32_n67108864_summary.txt
fir,pthreads,32,8388608,0.243,1.71,fir_thread,99.4,_IO_fread,0.6,8.5,fir_pthreads_t32_n8388608_summary.txt
fir,pthreads,4,1048576,0.206,0.13,fir_thread,100.0,,,2.1,fir_pthreads_t4_n1048576_summary.txt
fir,pthreads,4,134217728,4.007,14.64,fir_thread,99.9,_IO_fread,0.1,6.5,fir_pthreads_t4_n134217728_summary.txt
fir,pthreads,4,16777216,0.668,1.86,fir_thread,99.5,_IO_fread,0.5,5.2,fir_pthreads_t4_n16777216_summary.txt
fir,pthreads,4,2097152,0.231,0.24,fir_thread,100.0,,,2.7,fir_pthreads_t4_n2097152_summary.txt
fir,pthreads,4,268435456,7.832,29.25,fir_thread,100.0,_IO_fread,0.0,6.6,fir_pthreads_t4_n268435456_summary.txt
fir,pthreads,4,33554432,1.118,3.62,fir_thread,99.7,_IO_fread,0.3,5.9,fir_pthreads_t4_n33554432_summary.txt
fir,pthreads,4,4194304,0.297,0.48,fir_thread,100.0,,,3.3,fir_pthreads_t4_n4194304_summary.txt
fir,pthreads,4,536870912,15.978,59.41,fir_thread,99.9,cfree,0.0,6.5,fir_pthreads_t4_n536870912_summary.txt
fir,pthreads,4,67108864,2.097,7.34,fir_thread,99.9,_IO_fread,0.1,6.3,fir_pthreads_t4_n67108864_summary.txt
fir,pthreads,4,8388608,0.417,0.94,fir_thread,98.9,_IO_fread,1.1,4.4,fir_pthreads_t4_n8388608_summary.txt
fir,pthreads,8,1048576,0.191,0.16,fir_thread,100.0,,,2.7,fir_pthreads_t8_n1048576_summary.txt
fir,pthreads,8,134217728,2.187,14.67,fir_thread,99.9,_IO_fread,0.1,12.0,fir_pthreads_t8_n134217728_summary.txt
fir,pthreads,8,16777216,0.429,1.88,fir_thread,99.5,_IO_fread,0.5,8.3,fir_pthreads_t8_n16777216_summary.txt
fir,pthreads,8,2097152,0.217,0.31,fir_thread,100.0,,,3.3,fir_pthreads_t8_n2097152_summary.txt
fir,pthreads,8,268435456,4.162,29.3,fir_thread,99.9,_IO_fread,0.0,12.5,fir_pthreads_t8_n268435456_summary.txt
fir,pthreads,8,33554432,0.683,3.7,fir_thread,99.7,_IO_fread,0.3,9.9,fir_pthreads_t8_n33554432_summary.txt
fir,pthreads,8,4194304,0.243,0.49,fir_thread,100.0,,,4.6,fir_pthreads_t8_n4194304_summary.txt
fir,pthreads,8,536870912,8.57,59.47,fir_thread,99.9,cfree,0.0,12.2,fir_pthreads_t8_n536870912_summary.txt
fir,pthreads,8,67108864,1.18,7.38,fir_thread,99.9,_IO_fread,0.1,11.2,fir_pthreads_t8_n67108864_summary.txt
fir,pthreads,8,8388608,0.305,0.97,fir_thread,99.0,_IO_fread,1.0,6.2,fir_pthreads_t8_n8388608_summary.txt
